English,FL,FL_Alt,English_Alt
a,eda,,
abilities,teregerir,,
ability,syka,,
accelerating,tesideende,,
accelerator,rerel,,
accelerators,anori,,
according,nereende,,
across,lin,,
activity,iskaynær,,
adding,gyfateende,,
addition,aelysijk,,
adequate,dryser,,
advance,stak,,
advanced,dyneraethitt,,
against,iker,,
agricultural,yriona,,
aim,ilogit,,
aiming,imaende,,
air,ørit,,
airborne,grone,,
airplane,topod,,
all,feterer,,
allow,dore,,
allowed,fekeitt,,
already,desieh,,
also,gweser,,
altered,drydieditt,,
although,titiler,,
among,ader,,
an,yron,,since
ancient,dag,,
and,beni,,
another,kaeshaf,,
antarctica,antartika,,
any,vimedo,,
appear,ekaelo,,
appears,perer,,
archaeologist,enon,,
are,eshe,,
area,derove,,
argument,adetaf,,
artillery,elle,,
aside,aeshef,,
assess,tung,,
assessment,omiven,,
associated,recynacitt,,
asteroengineering,asteroengineering,,
aware,esid,,
bad,hyt,,
ballistic,loga,,
banned,tioniluititt,,
based,elihallitt,,
bases,derer,,
be,oraelaeth,,
beams,ase,,
became,vese,,
because,tise,,
been,rogige,,
being,ginerende,,
between,fania,,
beyond,aû,,
biotechnology,igilia,,
blind,medafo,,
blinding,gededenende,,
boost,igating,,
both,anaether,,
buddhist,enite,,
built,ioved,,
bursts,dak,,
but,fejo,,
by,sayn,,
calcium,søri,,
called,neritt,,
can,ømedø,,
capital,gere,,
case,kec,,
cases,selig,,
cataclysmic,brogan,,
causal,erec,,
cause,ife,,
cell,arhyp,,
challenges,mesar,,
changes,ukem,,
cheaper,aningin,,
chemical,keleri,,
circle,ringe,,
circuitry,ateng,,
civilization,kaeshendijk,,
civilizations,orane,,
classified,dalitt,,
coarse,meb,,
coil,eneddrypå,,
collect,thet,,
combination,ileddynijk,,
commonly,ferele,,
communication,ingondaijk,,
components,lyne,,
computer,ikaik,,
conducting,medetende,,
confirm,eremed,,
connected,riaraethitt,,
consists,odyri,,
constituent,eryraddyr,,
consumption,igesydijk,,
container,temet,,
continued,tenuditt,,
continuing,terilsende,,
contrast,ekaror,,
control,liadis,,
controllable,rhylsewyd,,
conventional,logi,,
cosmological,rhygud,,
could,amol,,
course,adyri,,
creation,ledseskeijk,,
criteria,ece,,
currently,ingie,,
daily,chiol,,
dark,løe,,
date,igien,,
day,ered,,
death,ded,,
decontamination,esiliaijk,,
defence,selor,,
defending,rerende,,
defense,deyfse,,
deliver,angeskar,,
demonstrate,entiker,,
desert,aeshenå,,
despite,sidayn,,
destroy,ordesaeth,,
destructive,rhyfage,,
detect,enypir,,
deuterium,bleser,,
developed,ingamitt,,
development,rineryn,,
dimensions,eddans,,
directed,uitiwitt,,
distances,efi,,
distinguish,ketaesh,,
do,aeshafaf,,
down,mit,,
drinking,bodørende,,
during,iteditt,,
each,fatog,,
earth,deman,,earths
earths,deman,,earth
easier,kota,,
economy,neding,,
effective,lingene,,
effects,iken,,
efficient,deraf,,
electric,arse,,
electrophysiology,elektrofisiologijk,,
emission,aeshan,,
emissions,eæra,,
empirical,esilla,,
employ,eme,,
enemy,kotor,,
energetic,fak,,
energetically,umer,,
energy,andorem,,
engine,arael,,
engineering,rekaende,,
entered,ligaustiitt,,
enteric,enterike,,
entering,fodelsefende,,
entities,yddydatir,,
environment,nel,,
escaping,eleresende,,
established,bedeitt,,
estimated,otiitt,,
estimates,denin,,
ethical,tas,,
ethically,æins,,
even,addyrorod,,
events,drylolo,,
example,isen,,
existence,dresa,,
experience,ninise,,
explanation,nielengijk,,
exploiting,endedeninende,,
explorative,eksploratijk,,
explore,atal,,
exploring,telsekende,,
exponential,skerop,,
extensive,arar,,
extrapolated,iwetitt,,
extrapolating,gerurende,,
facing,oryrende,,
failure,cynen,,
far,elali,,
fast,nila,,
feasible,oraihe,,
features,brynynaesh,,
fecal,fekale,,
field,kerels,,
fields,artael,,
findings,rar,,
finiteness,cynæe,,
first,erekæ,,
fluoride,deser,,
flying,delsestende,,
follows,lulo,,
for,ti,,
form,ner,,
foster,gema,,
fraction,desudijk,,
from,eno,,
functional,dener,,
fundamental,tahe,,
further,nus,,
future,aethij,,
galaxies,tilåtsir,,
galaxy,rener,,
gamma,lilar,,
general,anatu,,
generally,kedsever,,
generated,anegesitt,,
geomagnetic,upe,,
get,lera,,
global,desomed,,
gram,agedyr,,
greater,allerie,,
grid,stide,,
ground,gwede,,
guarantee,dekte,,
hampered,tanomitt,,
hard,prist,,
harness,ingelan,,
harnesses,liaske,,
has,sheke,,
have,mes,,
health,intaddyryn,,
heat,tedsele,,
held,decede,,
high,ernåaddyr,,
higher,shitef,,
highly,ifora,,
horizontally,vaselse,,
hostile,aeshes,,
how,edelil,,
however,efa,,
human,rense,,
humanitarian,lellegw,,
hundred,eraeloitt,,
if,mehe,,
ignored,nedenitt,,
imaging,elomellende,,
implication,esanaelijk,,
importance,kanen,,
impulsive,ahar,,
in,neste,yneter,"is, turn"
include,oseno,,
including,deh,,
increase,ledd,,
indeed,keneitt,,
indicate,eneryn,,
indicates,fodene,,
indication,genidyijk,,
individual,riate,,
industrial,foreru,,
infected,detositt,,
information,edebeijk,,
infrared,ogetiitt,,
insight,ipåee,,
insights,thoger,,
intelligence,aetheva,,
intended,deneitt,,
intensity,doleen,,
intention,gwesijk,,
interactions,enafa,,
international,vel,,
interpretations,didre,,
interpreted,tomenitt,,
interrogation,gwadijk,,
interstellar,enyne,,
invasiveness,kerionijk,,
iodine,inet,,
is,neste,,"in, turn"
it,jele,,
its,enuli,,
just,yry,,
key,etat,,
kilometres,few,,
kilowatts,gati,,
know,arayner,,
known,medodin,,
large,drylide,,
largely,wydi,,
laser,aynona,,
lasers,ashe,,
launched,ærwyritt,,
law,amade,,
lead,ediga,,
leads,dun,,
levels,nernete,,
life,itå,,
lifting,denetyrende,,
like,drylin,,
likely,serenet,,
limited,ingeddyneritt,,
links,pid,,
logical,barkaddyr,,
long,nunde,,
magnetar,magnetar,,
magnetic,aludati,,
magnitude,aethepå,,
major,becy,,
majority,beskede,,
managed,rumeitt,,
manipulate,vur,,
manufacturing,gerafaende,,
many,asie,,
matter,lyterhy,,
may,ifo,,
maybe,ongil,,
measures,enefo,,
meditation,terevijk,,
megawatts,edrylaeth,,
methods,enseæ,,
might,nerar,,
military,rof,,
millisecond,nete,,
minimal,ina,,
mining,necynende,,
missile,edser,,
missiles,reh,,
model,tød,,
modelling,eraelonende,,
modern,tiov,,
mortars,arilen,,
most,erhyr,,
move,erah,,
nanotechnology,girg,,
nations,anot,,
nature,lenå,,
necessarily,enera,,
need,tiladiitt,,
network,linod,,
neurological,elias,,
neuronal,ene,,
new,lisayn,,
no,akel,,
non,gen,,
not,cynes,,
now,ionieddyn,,
numerous,inin,,
object,se,,
objectives,fete,,
observations,ebrynom,,
observing,etilogende,,
obvious,eduny,,
officially,nyl,,
often,ligen,,
on,lâwu,,
one,ike,,
optical,ederen,,
optogenetics,optogenetijk,,
or,tingik,,
oral,edyre,,
orbiting,kelanerende,,
order,etedar,,
orders,drylø,,
original,ladset,,
other,thec,,
our,evar,,
out,lome,,
outbreaks,eraf,,
output,yrisyr,,
overlooked,etæititt,,
overwhelming,saniende,,
own,tetand,,
oxygen,hera,,
pace,eraste,,
participants,keredi,,
particles,hic,,
particularly,derogun,,
parts,ereto,,
per,lyneje,,
perhaps,sena,,
persist,dedan,,
phase,senud,,
photon,hicyn,,
physics,erer,,
pivotal,aferaesh,,
planet,rimayn,,
planets,puwyd,,
planned,figeseritt,,
platform,diene,,
point,dyriter,,
polarized,iskeforitt,,
pollution,deligekijk,,
population,edieåijk,,
portable,rarie,,
possible,nesik,,
possibly,mulig,,
potential,asteø,,
potentially,aeshofo,,
power,gwang,,
powers,kese,,
practitioners,lilis,,
precision,dieth,,
present,dryca,,
preserving,oddrydende,,
primarily,pålinu,,
primary,hyre,,
probably,ipen,,
processed,brebitt,,
processes,ataynaesh,,
program,aynanu,,
progress,dida,,
progressing,limedende,,
project,iometh,,
prototype,etin,,
providing,natikende,,
publication,ketedijk,,
pulse,rupi,,
purpose,areke,,
pursue,ide,,
push,ieser,,
quakes,itelse,,
radiation,elaijk,,
range,nemat,,
ranges,uvayn,,
rather,inedie,,
ray,afind,,
reach,foskara,,
reaching,erangende,,
readouts,readouts,,
real,enwrys,,
reality,raeshef,,
reason,meg,,
recently,dyreler,,
recognize,sesad,,
recordings,deramyn,,
recruit,cyneran,,
redundancy,ade,,
referred,maldogitt,,
refined,egiitt,,
regions,tare,,
regular,yche,,
related,depitt,,
relative,mene,,
released,sekåitt,,
rendered,penydditt,,
renewable,eder,,
replicate,nydden,,
repositories,suverir,,
required,bafeitt,,
requires,riga,,
research,vedem,,
resides,kerthi,,
resistant,addyrud,,
resolving,levoorende,,
resonance,lene,,
resource,sedre,,
resources,liadenen,,
resulted,adeditt,,
resulting,aetheredreende,,
revolutionary,vefi,,
revolutions,iauring,,
risks,werop,,
robust,gingi,,
rockets,igered,,
satellites,sano,,
scale,nogin,,
scales,oringen,,
scattered,deroeditt,,
search,idist,,
see,eket,,
seeing,estogeriende,,
seems,firnan,,
self,deko,,
sensitive,senerin,,
sentries,fororatir,,
separate,ogeri,,
set,dosid,,
several,rylia,,
sewage,brynendin,,
sheds,fate,,
short,ocha,,
showed,gwerisitt,,
showers,påcat,,
signal,moskar,,
significant,gyd,,
simulated,eråekitt,,
since,yron,,an
single,nare,,
sized,diecedreitt,,
slow,eri,,
small,geæaeth,,
smaller,lacind,,
so,iafes,,
societal,nat,,
solved,eångitt,,
some,shernefo,,
spatial,samand,,
specificity,esero,,
spectral,gwiop,,
speed,oguitt,,
sphere,forer,,
spherical,emil,,
sporadic,iron,,
standard,ynedo,,
star,addyre,,
stellar,repåfo,,
stem,skareresk,,
stool,desil,,
structural,kine,,
study,soddry,,
subsystems,påes,,
such,wyderayn,,
suffice,ener,,
sun,øreb,,
support,sedredd,,
supports,mende,,
symptoms,gwynaddyryn,,
system,tese,,
tactical,reg,,
target,ereri,,
targets,tæd,,
task,faaddry,,
technological,ron,,
technologies,honaddyrir,,
telling,redeende,,
ten,dinelle,,
term,rodd,,
terms,sike,,
test,liagat,,
tested,badseitt,,
testing,aselende,,
texts,vage,,
than,ak,,
that,sidinark,,
their,ararth,,
them,aelenael,,
themselves,etogef,,
then,aynilayn,,
there,deneh,,
these,ense,,
they,keru,,
this,inne,,
those,teste,,
thousands,seror,,
throughout,derelo,,
thus,lesh,,
time,esom,,
total,rosen,,
toward,ef,,
transmissions,liged,,
transmit,sadyri,,
transmitted,esoitt,,
transuniversal,transone,,
travel,cynogid,,
treatment,dedu,,
trend,atitin,,
turn,neste,,"in, is"
two,aterhy,,
type,kudu,,
under,ek,,
understand,angyn,,
understanding,tiesteende,,
unify,oridyr,,
units,thor,,
unplanned,atelitt,,
untenable,tevis,,
until,orær,,
us,beria,,
use,baarin,,
used,emoritt,,
uses,udsec,,
valid,påten,,
version,miæ,,
vertical,kepiv,,
very,ame,,
view,tafen,,
virus,atievan,,
viruses,teveen,,
was,ter,,
waste,deforer,,
water,stega,,
wavelength,eømi,,
we,somiode,,
weapons,nafe,,
well,ogeg,,
were,iberhy,,
what,inik,,
where,rano,,
which,menudi,,
whilst,inundydd,,
whole,stet,,
why,lanir,,
wide,aeshed,,
wideband,wideband,,
will,alere,,
within,geru,,
without,ry,,
would,disk,,
year,ererend,,
years,oweng,,
